{"cameraMode":{"drawMode":0,"name":"Shaded","section":"Shading Mode"},"sceneLighting":false,"audioPlay":false,"sceneViewState":{"showFog":true,"showMaterialUpdate":false,"showSkybox":false,"showFlares":true,"showImageEffects":true,"showParticleSystems":true},"in2DMode":false,"pivot":{"x":382.99755859375,"y":249.1644287109375,"z":-41.078521728515628},"rotation":{"x":0.8602769374847412,"y":-0.03714848309755325,"z":0.06334445625543595,"w":0.5045110583305359},"size":302.1716613769531,"orthographic":false}